ESCALA DE PACIENTES  1º TURNO – SALA 03;;;;;;;;;
;PONTO;Nº DE SÉRIE;SEGUNDA;TERÇA;QUARTA;QUINTA;SEXTA;SÁBADO;
Box 01;1;24J35598P;"Jaroslavio Dornas de Araújo
DN: 05/07/1971 AG15             ";Rosileia Videl Santos                          DN: 26/02/1978 AG 16;"Jaroslavio Dornas de Araújo
DN: 05/07/1971 AG15             ";Rosileia Videl Santos                          DN: 26/02/1978 AG 16;"Jaroslavio Dornas de Araújo
DN: 05/07/1971 AG15             ";Rosileia Videl Santos                          DN: 26/02/1978 AG 16;
;2;24J35295P;"Cirilo Pereira de Morais
DN: 18/08/1980 Permchat";Marineide Pereira da Silva DN:21/04/1975 AG15;"Cirilo Pereira de Morais
DN: 18/08/1980 Permchat";Marineide Pereira da Silva DN:21/04/1975 AG15;"Cirilo Pereira de Morais
DN: 18/08/1980 Permchat";Marineide Pereira da Silva DN:21/04/1975 AG15;
;3;24J35266P;"Claudina Ester Alves
DN: 15/07/1975 AG 16";"Roseline Alves Ferreira
DN:30/07/1966 AG:16";"Claudina Ester Alves
DN: 15/07/1975 AG 16";"Roseline Alves Ferreira
DN:30/07/1966 AG:16";"Claudina Ester Alves
DN: 15/07/1975 AG 16";Ereclydes Martinho Mendes DN:05/11/1951 Ag.15 4º Sessão;
;4;24J35275P;"Rosângela Alkemi Ito
DN: 29/05/1972                                    AG16 uso único";"Clotildes das Dores Flávio
DN: 03/07/1941 Permcath";"Rosângela Alkemi Ito
DN: 29/05/1972                                    AG16 uso único";"Clotildes das Dores Flávio
DN: 03/07/1941 Permcath";"Rosângela Alkemi Ito
DN: 29/05/1972                                    AG16 uso único";"Clotildes das Dores Flávio
DN: 03/07/1941 Permcath";
Box 02;5;24J35278P;Deubla Junqueira Resende DN: 01/08/1967 AG16           ;"Roberto Ramos do Carmo
DN: 24/11/1972  FAV AG16 ";Deubla Junqueira Resende     DN: 01/08/1967 AG16           ;"Roberto Ramos do Carmo
DN: 24/11/1972  FAV AG16 ";Deubla Junqueira Resende     DN: 01/08/1967 AG16           ;"Roberto Ramos do Carmo
DN: 24/11/1972  FAV AG16 ";
;6;24J35258P;Viviane Fonseca Bonifacio Garcia DN:22/03 AG15           ;Fabiana Felipe de Abreu               DN: 12/01/83 Permchat;Viviane Fonseca Bonifacio Garcia DN:22/03 AG15          ;Fabiana Felipe de Abreu               DN: 12/01/83 Permchat;Viviane Fonseca Bonifacio Garcia DN:22/03 AG15          ;Fabiana Felipe de Abreu               DN: 12/01/83 Permchat;
;7;24J35585P;"Welton Pereira dos Santos
DN:14/06/1976 AG15            ";"Sioni Maria Gonçalves
DN: 28/05/1957 AG16";"Welton Pereira dos Santos
DN:14/06/1976 AG15";"Sioni Maria Gonçalves
DN: 28/05/1957 AG16";"Welton Pereira dos Santos
DN:14/06/1976 AG15";"Sioni Maria Gonçalves
DN: 28/05/1957 AG16";
;8;24J35562P;"Imar Ferreira de Assis
DN: 04/05/1969 Ag.15G       ";"Renato Correia dos Santos
DN: 13/08/1982 AG15";"Imar Ferreira de Assis
DN: 04/05/1969 Ag.15G       ";"Renato Correia dos Santos
DN: 13/08/1982 AG15";"Imar Ferreira de Assis
DN: 04/05/1969 Ag.15G       ";"Renato Correia dos Santos
DN: 13/08/1982 AG15";
Box 03;9;24J35590P;"Paulo Roberto de Araújo
DN: 21/07/1971 Ag.16G";Weslen Patrick Reis da Silva DN: 14/03/2003 Ag.16;"Paulo Roberto de Araújo
DN: 21/07/1971 Ag.16G";Weslen Patrick Reis da Silva DN: 14/03/2003 Ag.16;"Paulo Roberto de Araújo
DN: 21/07/1971 Ag.16G";Weslen Patrick Reis da Silva DN: 14/03/2003 Ag.16;
;10;24J35571P;Amanda Renata Felício de Lima DN:02/02/1991 AG16;"Marina Paulino Vailante
DN: 18/07/1958 Permcath";Amanda Renata Felício de Lima DN:02/02/1991 AG16;"Marina Paulino Vailante
DN: 18/07/1958 Permcath";Amanda Renata Felício de Lima DN:02/02/1991 AG16;"Marina Paulino Vailante
DN: 18/07/1958 Permcath";
;11;24J35575P;"Maria Moreira De Melo
DN: 10/04/1957 Permcath";"Antônio Vicente Pinto
DN: 22/01/1957 AG15 uso único";"Maria Moreira De Melo
DN: 10/04/1957 Permcath";"Antônio Vicente Pinto
DN: 22/01/1957 AG15 uso único";"Maria Moreira De Melo
DN: 10/04/1957 Permcath";"Antônio Vicente Pinto
DN: 22/01/1957 AG15 uso único";
;12;24J35558P;"Eloísa Gomes da Silva
DN: 25/05/1984 AG16";Elisiene Cristina Nunes Almeida DN 03/03/1977 AG16;"Eloísa Gomes da Silva
DN: 25/05/1984 AG16";Elisiene Cristina Nunes Almeida DN 03/03/1977       AG16;"Eloísa Gomes da Silva
DN: 25/05/1984 AG16";Elisiene Cristina Nunes Almeida DN 03/03/1977      AG16;
Box 04;13;24J35269P;"Lourdinha Ferreira de Morais
DN: 02/06/1956  AG16 uso único";Simao Alves da Silva                  DN: 28/10/1960 AG15;"Lourdinha Ferreira de Morais
DN: 02/06/1956  AG16 uso único";Simao Alves da Silva                  DN: 28/10/1960 AG15;"Lourdinha Ferreira de Morais
DN: 02/06/1956  AG16 uso único";Simao Alves da Silva                  DN: 28/10/1960 AG15;
;14;24J34995P;FLÁVIA PAULINA DOS SANTOS CAMPOS AG16 DN:05/09/79;"Wemerson Alves de Freitas
DN: 19/12/1989 CDL";FLAVIA PAULINA DOS SANTOS CAMPOS AG 16 DN :05/09/79;"Wemerson Alves de Freitas
DN: 19/12/1989 CDL";FLAVIA PAULINA DOS SANTOS CAMPOS AG 16 DN :05/09/79;"Wemerson Alves de Freitas
DN: 19/12/1989 CDL";
;15;24J35261P;Erineia Ferreira de Araújo DN:11/12/1967 Permcath;"Pedro Francisco Neto
DN: 21/10/1969 AG15";Erineia Ferreira de Araújo DN:11/12/1967 Permcath;"Pedro Francisco Neto
DN: 21/10/1969 AG15";Erineia Ferreira de Araújo DN:11/12/1967 Permcath;"Pedro Francisco Neto
DN: 21/10/1969 AG15";
;16;24J35276P;"Fabrício Moreira Barbosa
DN: 16/03/1982 Permcath";"Jeferson Alves Leite
DN:04/02/1981 Permcath";"Fabrício Moreira Barbosa
DN: 16/03/1982 Permcath";"Jeferson Alves Leite
DN:04/02/1981 Permcath";"Fabrício Moreira Barbosa
DN: 16/03/1982 Permcath";"Jeferson Alves Leite
DN:04/02/1981 Permcath";
Box 05;17;24J35586P;"Petronilia Eliana da Silva
DN: 04/06/1967 AG16";JEFFERSON AVELINO BENTO                  DN: 06/01/1988 AG:15;"Petronilia Eliana da Silva
DN: 04/06/1967 AG16";JEFFERSON AVELINO BENTO                  DN: 06/01/1988 AG:15;"Petronilia Eliana da Silva
DN: 04/06/1967 AG16";JEFFERSON AVELINO BENTO                  DN: 06/01/1988 AG:15;
;18;24J35286P;Ecio de Oliveira Santos DN:01/06/1973 AG15 4ª sessão                                  ;"Nilva das Dores de Souza
DN: 20/04/1974 AG 17";Mirian de Lourdes Costa DN:02/02/1977 AG15 4ª sessão                              ;"Nilva das Dores de Souza
DN: 20/04/1974 AG 17";;"Nilva das Dores de Souza
DN: 20/04/1974 AG 17";
;19;24J35592P;"Josiane Pinto
DN: 11/07/1983 Permcath";"Irene Teixeira da Silva
DN: 28/10/1969 AG15";"Josiane Pinto
DN: 11/07/1983 Permcath";"Irene Teixeira da Silva
DN: 28/10/1969 AG15";"Josiane Pinto
DN: 11/07/1983 Permcath";"Irene Teixeira da Silva
DN: 28/10/1969 AG15";
;20;24J34998P;"Ademar Guimarães
DN: 08/02/970 AG15";"Antenor Gil Costa
DN: 21/04/60 AG15";"Ademar Guimarães
DN: 08/02/970 AG15";"Antenor Gil Costa
DN: 21/04/60 AG15";"Ademar Guimarães
DN: 08/02/970 AG15";"Antenor Gil Costa
DN: 21/04/60 AG15";
Box 06;21;24J35596P;"Ivanete Maria Felício
DN: 03/04/1968 AG16 Uso Único";"Maria Geralda Oliveira Martins
DN: 19/04/1962 AG16";"Ivanete Maria Felício
DN: 03/04/1968 AG16 Uso Único";"Maria Geralda Oliveira Martins
DN: 19/04/1962 AG16";"Ivanete Maria Felício
DN: 03/04/1968 AG16 Uso Único";"Maria Geralda Oliveira Martins
DN: 19/04/1962 AG16";
;22;24J35591P;"Elquias Rodrigues Figueiredo
DN: 10/05/1989 AG 16";"Mauro dos Santos
DN: 03/03/1962 Permcath";"Elquias Rodrigues Figueiredo
DN: 10/05/1989 AG 16";"Mauro dos Santos
DN: 03/03/1962 Permcath";"Elquias Rodrigues Figueiredo
DN: 10/05/1989 AG 16";"Mauro dos Santos
DN: 03/03/1962 Permcath";
;23;24J35277P;"Nayara Pereira Nunes
DN: 02/11/1991 AG15";"Matosalem Estevão da Silva
DN: 23/08/1951 AG15 Uso Único";"Nayara Pereira Nunes
DN: 02/11/1991 AG15";"Matosalem Estevão da Silva
DN: 23/08/1951 AG15 Uso Único";"Nayara Pereira Nunes
DN: 02/11/1991 AG15";"Matosalem Estevão da Silva
DN: 23/08/1951 AG15 Uso Único";
;24;24J35294P;"Mônica Carvalho Xavier
DN:13/08/1980 Permcath";Izabel Vicentina Camargos Silva DN: 29/10/1963 AG16;"Mônica Carvalho Xavier
DN:13/08/1980 Permcath";Izabel Vicentina Camargos Silva DN: 29/10/1963 AG16;"Mônica Carvalho Xavier
DN:13/08/1980 Permcath";Izabel Vicentina Camargos Silva DN: 29/10/1963 AG16;
Box 07;25;24J35260P;Maria Vaz da Silva AG16                  ;"Mônica da Silva
DN: 21/03/1969 AG15";Maria Vaz da Silva AG16                 ;"Mônica da Silva
DN: 21/03/1969 AG15";Maria Vaz da Silva AG16                ;"Mônica da Silva
DN: 21/03/1969 AG15";
;26;24J35567P;"Isabel Evangelista Gangana
DN: 08/07/1963 AG16";Percilia José Correia da Silva DN:03/09/1971 PERMCATH;"Isabel Evangelista Gangana
DN: 08/07/1963 AG16";Percilia José Correia da Silva DN:03/09/1971 PERMCATH;"Isabel Evangelista Gangana
DN: 08/07/1963 AG16";Percilia José Correia da Silva DN:03/09/1971 PERMCATH;
;27;24J35589P;"José Figueiredo da Silva
DN: 15/02/1935 Permcath";"Ângela Maria da Silva
DN: 28/01/1956 AG16";;"Ângela Maria da Silva
DN: 28/01/1956 AG16";"José Figueiredo da Silva
DN: 15/02/1935 Permcath";"Ângela Maria da Silva
DN: 28/01/1956 AG16";
;28;24J35257P;Rosângela Eustáquia da Silva Oliveira DN: 03/04/1957 Pemchat;Paulo Roberto Pereira dos Santos DN: 26/02/1981 AG15;Rosângela Eustáquia da Silva Oliveira DN: 03/04/1957 Pemchat;Paulo Roberto Pereira dos Santos DN: 26/02/1981 AG15;Rosângela Eustáquia da Silva Oliveira DN: 03/04/1957 Pemchat;Paulo Roberto Pereira dos Santos DN: 26/02/1981 AG15;
Box 08;29;24J35268P;Felipe Augusto Caldas Pereira                                                     DN: 27/11/1988 Permcath;"Elia Americo Rocha (Permcath)
DN:18/06/1962";Felipe Augusto Caldas Pereira                                                     DN: 27/11/1988 Permcath;"Elia Americo Rocha (Permcath)
DN:18/06/1962";Felipe Augusto Caldas Pereira                                                     DN: 27/11/1988 Permcath;"Elia Americo Rocha (Permcath)
DN:18/06/1962";
;30;24J35280P;Alexandre Jose de Paula PERMCATH;"José Robson de Assis
DN: 28/03/1957 AG15";Alexandre Jose de Paula PERMCATH;"José Robson de Assis
DN: 28/03/1957 AG15";Alexandre Jose de Paula PERMCATH;"José Robson de Assis
DN: 28/03/1957 AG15";
;31;24J34994P;José Murilo Ferreira                       DN: 26/12/1971 AG16 ;"Getúlio Ramos Pereira
DN: 24/08/1965 AG16";José Murilo Ferreira                       DN: 26/12/1971 AG16 ;"Getúlio Ramos Pereira
DN: 24/08/1965 AG16";José Murilo Ferreira                       DN: 26/12/1971 AG16 ;"Getúlio Ramos Pereira
DN: 24/08/1965 AG16";
;32;24J34991P;Adão Luciano Dias DN:18/07/1972 AG15;"Sandra Regina de Assis Rodrigues
DN: 28/12/1966 AG16";Adão Luciano Dias DN:18/07/1972 AG15;"Sandra Regina de Assis Rodrigues
DN: 28/12/1966 AG16";Adão Luciano Dias DN:18/07/1972 AG15;"Sandra Regina de Assis Rodrigues
DN: 28/12/1966 AG16";
;;;;;;;;;
;;;MERCIA ;;;;;;
