0;;;;;;;;;
;PONTO;Nº DE SÉRIE ;SEGUNDA;TERÇA;QUARTA;QUINTA;SEXTA;SÁBADO;
Box 01;1;24J35283P;Maria José Brum            DN:29/06/1975 CDL/Ag 15;Marilza Alves de Almeida PERMCATH DN:26/09/1958;Maria José Brum            DN:29/06/1975 CDL/Ag 15;Marilza Alves de Almeida PERMCATH DN:26/09/1958;Maria José Brum            DN:29/06/1975 CDL/Ag 15;Marilza Alves de Almeida PERMCATH DN:26/09/1958;
;2;24J35274P;BELARMINA EVA DE LIMA E SILVA DN:01/04/1954        Permcath;CLAUDIA CIRIACO DN:01/04/1980  USO ÚNICO -HIV Ag.15;BELARMINA EVA DE LIMA E SILVA DN:01/04/1954        Permcath;CLAUDIA CIRIACO DN:01/04/1980  USO ÚNICO -HIV Ag.15;BELARMINA EVA DE LIMA E SILVA DN:01/04/1954        Permcath;CLAUDIA CIRIACO DN:01/04/1980  USO ÚNICO -HIV Ag.15;
;3;24J34986P;"Ulises Pereira da Rocha
DN: 18/12/1964 Ag15";Maria Aparecida Pereira de  Carvalho DN:10/02/1964 Permcath;"Ulises Pereira da Rocha
DN: 18/12/1964 Ag15";Maria Aparecida Pereira de  Carvalho DN:10/02/1964 Permcath;"Ulises Pereira da Rocha
DN: 18/12/1964 Ag15";Maria Aparecida Pereira de  Carvalho DN:10/02/1964 Permcath;
;4;24J35577P;Avair Romualdo da Silva Ag.15 DN: 07/02/1971;"Antônio Cássio Alves
DN: 23/10/1950 Permcath";Avair Romualdo da Silva Ag.15 DN: 07/02/1971;"Antônio Cássio Alves
DN: 23/10/1950 Permcath";Avair Romualdo da Silva Ag.15 DN: 07/02/1971;"Antônio Cássio Alves
DN: 23/10/1950 Permcath";
Box 02;5;24J35578P;Welton Araújo Lopes DN:22/07/1997 Ag.15;Claudiane  Ester  Alves   Permcath 15/07/1975;Welton Araújo Lopes DN:22/07/1997 Ag.15;Claudiane  Ester  Alves   Permcath 15/07/1975;Welton Araújo Lopes DN:22/07/1997 Ag.15;Claudiane  Ester  Alves   Permcath 15/07/1975;
;6;24J35584P;Tereza Cristina Costa Pereira  DN:11/07/1961 Permcath;Ilza Maria de Castro Souza DN:23/03/1970 Ag.15;Tereza Cristina Costa Pereira  DN:11/07/1961 Permcath;Ilza Maria de Castro Souza DN:23/03/1970 Ag.15;Tereza Cristina Costa Pereira  DN:11/07/1961 Permcath;Ilza Maria de Castro Souza DN:23/03/1970 Ag.15;
;7;24J34983P;José Vicente Duarte DN: 10/06/1948 Permcath;Paulo Martins De Aguiar DN:26/11/1960 Ag.15;José Vicente Duarte DN: 10/06/1948 Permcath;Paulo Martins De Aguiar DN:26/11/1960 Ag.15;José Vicente Duarte DN: 10/06/1948 Permcath;Paulo Martins De Aguiar DN:26/11/1960 Ag.15;
;8;24J35293P;Carlina Cecilia Ortiz Lopez DN: 27/01/1995 AG: 16;"Ederson Esteves do Carmo
DN: 24/08/1973 AG 15";Carlina Cecilia Ortiz Lopez DN: 27/01/1995 AG: 16;"Ederson Esteves do Carmo
DN: 24/08/1973 AG 15";Carlina Cecilia Ortiz Lopez DN: 27/01/1995 AG: 16;"Ederson Esteves do Carmo
DN: 24/08/1973 AG 15";
Box 03;9;24J35583P;Camila Moreira da Silva Gomes  AG:15 DN:06/02/1990;"Wanderson Alves Santos
DN: 12/01/1987 Ag.15";Camila Moreira da Silva Gomes  AG:15 DN:06/02/1990;"Wanderson Alves Santos
DN: 12/01/1987 Ag.15";Camila Moreira da Silva Gomes  AG:15 DN:06/02/1990;"Wanderson Alves Santos
DN: 12/01/1987 Ag.15";
;10;24J34990P;Michele Aparecida Ramos de Souza DN:25/03/1988 Permcath;"Milton Afonso Parreiras
DN: 01/04/1966 Ag. 15";Michele Aparecida Ramos de Souza DN:25/03/1988 Permcath;"Milton Afonso Parreiras
DN: 01/04/1966 Ag. 15";Michele Aparecida Ramos de Souza DN:25/03/1988 Permcath;"Milton Afonso Parreiras
DN: 01/04/1966 Ag. 15";
;11;24J35296P;Janaina Mansor da Conceição DN:06/08/1976 Permcath;"Vera Lucia Fonseca de Souza
DN: 23/08/1963 Ag15";Janaina Mansor da Conceição DN:06/08/1976 Permcath;"Vera Lucia Fonseca de Souza
DN: 23/08/1963 Ag15";Janaina Mansor da Conceição DN:06/08/1976 Permcath;"Vera Lucia Fonseca de Souza
DN: 23/08/1963 Ag15";
;12;24J35597P;Ivanilda Adriana Sobrinho.Admissão 25/05/26;José Camilo Neto Ag.15 DN:09/09/1950;Ivanilda Adriana Sobrinho.Admissão 25/05/26;José Camilo Neto Ag.15 DN:09/09/1950;Ivanilda Adriana Sobrinho.Admissão 25/05/26;José Camilo Neto Ag.15 DN:09/09/1950;
Box 04;13;24J35557P;José Ribeiro de Souza    DN:26/02/1959 AG:15;Ana Lúcia da Silva Soares DN:29/08/1966 PERMCATH;José Ribeiro de Souza    DN:26/02/1959 AG:15;ANA LUCIA  DA SILVA  SOARES DN:29/08/1966 PERMCATH;José Ribeiro de Souza    DN:26/02/1959 AG:15;ANA LUCIA  DA SILVA  SOARES DN:29/08/1966 PERMCATH;
;14;24J35560P;Tatiane Lopes Pereira Pereira Will DN:14\07\1986 Ag:16;Webert Alexandre Vieira DN:03/08/1985 AG:15;Tatiane Lopes Pereira Pereira Will DN:14\07\1986 Ag:16;WEBERT  ALEXANDRE VIEIRA DN:03/08/1985 AG:15;Tatiane Lopes Pereira Pereira Will DN:14\07\1986 Ag:16;WEBERT  ALEXANDRE VIEIRA DN:03/08/1985 AG:15;
;15;24J35265P;José Newton do Nascimento DN:27/09/1960 AG :15;Antônio Roberto de Faria DN:22/09/1948 AG:15;José Newton do Nascimento DN:27/09/1960 AG :15;ANTONIO ROBERTO  DE FARIA DN:22/09/1948 AG:15;José Newton do Nascimento DN:27/09/1960 AG :15;ANTONIO ROBERTO  DE FARIA DN:22/09/1948 AG:15;
;16;24J35275P;MARIA MARTA DE OLIVEIRA DN:17/06/1968 FAV  AG15;Odail Costa de Oliveira DN:03/07/1960 AG:15;MARIA MARTA DE OLIVEIRA DN:17/06/1968 FAV  AG15;Odail Costa de Oliveira DN:03/07/1960 AG:15;MARIA MARTA DE OLIVEIRA DN:17/06/1968 FAV  AG15;Odail Costa de Oliveira DN:03/07/1960 AG:15;
Box 05 ;17;;FECHADO;;;;;;
;18;24J34987P;Loudiveldo Salvador Luiz Ag.16 DN:11/12/1985; Júlio Pimenta dos Santos. CDL DN:01/04/1960;Loudiveldo Salvador Luiz Ag.16 DN:11/12/1985; Júlio Pimenta dos Santos. CDL DN:01/04/1960;Loudiveldo Salvador Luiz Ag.16 DN:11/12/1985; Júlio Pimenta dos Santos. CDL DN:01/04/1960;
;19;;FECHADO;;;;;;
Box 06 ;20;24J35574P;Maria Aparecida da Silva Carvalho DN:30/01/1970 PERMACTH;Ismar Gregório  de Sousa Dn:13/11/1951 PERMCATH/AG 17;Maria Aparecida da Silva Carvalho DN:30/01/1970 PERMACTH;Ismar Gregório  de Sousa Dn:13/11/1951 PERMCATH;Maria Aparecida da Silva Carvalho DN:30/01/1970 PERMACTH;Ismar Gregório  de Sousa Dn:13/11/1951 PERMCATH;
;21;24J35594P;Sionara  Fátima  Da Silva  DN:20/12/1978 16;Ascendino Teixeira de Matos DN:23/10/1964 Ag.15;Sionara  Fátima  Da Silva  DN:20/12/1978 16;Ascendino Teixeira de Matos DN:23/10/1964 Ag.15;Sionara  Fátima  Da Silva  DN:20/12/1978 16;Ascendino Teixeira de Matos DN:23/10/1964 Ag.15;
;22;24J35256P;Anônio Dácio Dias Ferrreira PERMCATH DN:12/02/1955 HIV Permcath;Sônia Pereira Santos CDL      DN: 08/03/1977;Anônio Dácio Dias Ferrreira PERMCATH DN:12/02/1955 HIV Permcath;Sônia Pereira Santos CDL      DN: 08/03/1977;Anônio Dácio Dias Ferrreira PERMCATH DN:12/02/1955 HIV Permcath;Sônia Pereira Santos CDL                  DN: 08/03/1977;
BOX 7;23;24J35595P;MARIA APARECIDA DOS SANTOS RIBEIRO  FAV AG:16 DN:10/10/1958;MARIA APARECIDA DA COSTA RAMOS Permcath  DN:10/10/1958;MARIA APARECIDA DOS SANTOS RIBEIRO  FAV AG:16 DN:10/10/1958;MARIA APARECIDA DA COSTA RAMOS  CDL  DN:10/10/1958;MARIA APARECIDA DOS SANTOS RIBEIRO  FAV AG:16 DN:10/10/1958;MARIA APARECIDA DA COSTA RAMOS  CDL  DN:10/10/1958;
;24;24J34993P;RUAN LOPES CALDAS DN:20/09/2005 AG: 15;Maria de Almeida Santos Rocha DN: 21/09/1948 CDL;RUAN LOPES CALDAS DN:20/09/2005 AG: 15;Maria de Almeida Santos Rocha DN: 21/09/1948 CDL;RUAN LOPES CALDAS DN:20/09/2005 AG: 15;Maria de Almeida Santos Rocha DN: 21/09/1948 CDL;
;25;24J35580P;JOSÉ  DOS SANTOS  DE OLIVEIRA DN:28/11/1957 PERMCATH;JESIO DE JESUS RIBEIRO DN:30/08/1989 AG :15;JOSÉ  DOS SANTOS  DE OLIVEIRA DN:28/11/1957 PERMCATH;JESIO DE JESUS RIBEIRO DN:30/08/1989 AG :15;JOSÉ  DOS SANTOS  DE OLIVEIRA DN:28/11/1957 PERMCATH;JESIO DE JESUS RIBEIRO DN:30/08/1989 AG :15;
;26;24J35587P;MARIA  DOS SANTOS SOARES DE  ALMEIDA DN:01/11/1970 AG 16;RAQUEL APARECIDA LOPES LOPESDN:08/03/1991 AG:15;MARIA  DOS SANTOS SOARES DE  ALMEIDA DN:01/11/1970 AG 16;RAQUEL APARECIDA LOPES LOPESDN:08/03/1991 AG:15;MARIA  DOS SANTOS SOARES DE  ALMEIDA DN:01/11/1970 AG 16;RAQUEL APARECIDA LOPES LOPESDN:08/03/1991 AG:15;
BOX 8;27;24J35270P;" 
DALVA ALVES SANTOS permcath HIV- positivo DN:28/12/1976";"Ricardo Junio Alves de Brito
DN: 17/07/1970 AG15";" 
DALVA ALVES SANTOS permcath HIV- positivo DN:28/12/1976";"Ricardo Junio Alves de Brito
DN: 17/07/1970 AG16";" 
DALVA ALVES SANTOS permcath HIV- positivo DN:28/12/1976";"Ricardo Junio Alves de Brito
DN: 17/07/1970 AG16";
;28;24J34985P; Alaide Maria de Jesus Silva DN: 09/07/1954  permcath;José Antônio dos Reis DN: 26/12/1957 AG:15; Alaide Maria de Jesus Silva DN: 09/07/1954  permcath;José Antônio dos Reis DN: 26/12/1957 AG:16; Alaide Maria de Jesus Silva DN: 09/07/1954 permcath;José Antônio dos Reis DN: 26/12/1957 AG:16;
;29;24J35282P;OTÁVIO CARLOS MOURÃO DAIBERT CDL  DN:28/06/1959;Washington Pereira  Barrado DN:14/11/25 uso único Hepatite  C CDL/ag17;OTÁVIO CARLOS MOURÃO DAIBERT CDL  DN:28/06/1959;Washington Pereira  Barrado DN:14/11/25 uso único Hepatite  C CDL/ag17;OTÁVIO CARLOS MOURÃO DAIBERT CDL  DN:28/06/1959;Washington Pereira  Barrado DN:14/11/25 uso único Hepatite  C CDL/ag17;
;30;24J35272P;LUIZ RICARDO FREITAS FERNANDES DE AQUINO DN:01/08/1993 CDL;SANDRA ELOISA DE FIGUEIREDO RIBEIRO CDL DN:13/08/1946;LUIZ RICARDO FREITAS FERNANDES DE AQUINO DN:01/08/1993 CDL;SANDRA ELOISA DE FIGUEIREDO RIBEIRO CDL DN:13/08/1946;LUIZ RICARDO FREITAS FERNANDES DE AQUINO DN:01/08/1993 CDL;SANDRA ELOISA DE FIGUEIREDO RIBEIRO CDL DN:13/08/1946;
SALA AMARELA;;;;;;;;;
;;;;;;;;;
;;;;;;;;;
;;;;;;;;;
;;;;;;;;;
;;;;;;;;;
;;;;;;;;;
;;;;;;;;;
;;;;;;;;;
;;;;;;;;;
;;;;;;;;;
;;;;;;;;;
;;;;;;;;;
;;;;;;;;;
;;;;;;;;;
;;;;;;;;;
;;;;;;;;;
;;;;;;;;;
;;;;;;;;;
;;;;;;;;;
;;;;;;;;;
;;;;;;;;;
;;;;;;;;;
;;;;;;;;;
;;;;;;;;;
;;;;;;;;;
;;;;;;;;;
;;;;;;;;;
;;;;;;;;;
;;;;;;;;;
;;;;;;;;;
;;;;;;;;;
;;;;;;;;;
;;;;;;;;;
;;;;;;;;;
;;;;;;;;;
;;;;;;;;;
;;;;;;;;;
;;;;;;;;;
;;;;;;;;;
;;;;;;;;;
;;;;;;;;;
;;;;;;;;;
;;;;;;;;;
;;;;;;;;;
;;;;;;;;;
;;;;;;;;;
;;;;;;;;;
;;;;;;;;;
;;;;;;;;;
;;;;;;;;;
;;;;;;;;;
;;;;;;;;;
;;;;;;;;;
;;;;;;;;;
;;;;;;;;;
;;;;;;;;;
;;;;;;;;;
;;;;;;;;;
;;;;;;;;;
;;;;;;;;;
;;;;;;;;;
;;;;;;;;;
;;;;;;;;;
;;;;;;;;;
;;;;;;;;;
;;;;;;;;;
;;;;;;;;;
;;;;;;;;;
;;;;;;;;;
;;;;;;;;;
;;;;;;;;;
;;;;;;;;;
;;;;;;;;;
;;;;;;;;;
;;;;;;;;;
;;;;;;;;;
;;;;;;;;;
;;;;;;;;;
;;;;;;;;;
;;;;;;;;;
;;;;;;;;;
;;;;;;;;;
;;;;;;;;;
;;;;;;;;;
;;;;;;;;;
;;;;;;;;;
;;;;;;;;;
;;;;;;;;;
;;;;;;;;;
;;;;;;;;;
;;;;;;;;;
;;;;;;;;;
;;;;;;;;;
;;;;;;;;;
;;;;;;;;;
;;;;;;;;;
;;;;;;;;;
;;;;;;;;;
;;;;;;;;;
;;;;;;;;;
;;;;;;;;;
;;;;;;;;;
;;;;;;;;;
;;;;;;;;;
;;;;;;;;;
;;;;;;;;;
;;;;;;;;;
;;;;;;;;;
;;;;;;;;;
;;;;;;;;;
;;;;;;;;;
;;;;;;;;;
;;;;;;;;;
;;;;;;;;;
;;;;;;;;;
;;;;;;;;;
;;;;;;;;;
;;;;;;;;;
;;;;;;;;;
;;;;;;;;;
;;;;;;;;;
;;;;;;;;;
;;;;;;;;;
;;;;;;;;;
;;;;;;;;;
;;;;;;;;;
;;;;;;;;;
;;;;;;;;;
;;;;;;;;;
;;;;;;;;;
;;;;;;;;;
;;;;;;;;;
;;;;;;;;;
;;;;;;;;;
;;;;;;;;;
;;;;;;;;;
;;;;;;;;;
